{"initial_reset_timestamp": 1543842056.8095307, "timestamps": [1543842240.4732645, 1543842384.4043999, 1543842525.4297252, 1543842924.2482204, 1543843240.002447, 1543843458.5000174, 1543843580.4745774, 1543843740.5049393], "episode_lengths": [918, 606, 570, 909, 694, 483, 439, 625], "episode_rewards": [1960.0, 340.0, 230.0, 810.0, 360.0, 240.0, 160.0, 220.0], "episode_types": ["t", "t", "t", "t", "t", "t", "t", "t", "t"]}