{"initial_reset_timestamp": 1543589547.1506827, "timestamps": [1543589562.1897514, 1543589576.584517, 1543589581.98127, 1543589586.1436687, 1543589589.3309925, 1543589592.466527, 1543589595.6062205, 1543589608.383447, 1543589625.0063014, 1543589632.6167045, 1543589636.502907, 1543589640.676208, 1543589644.5212786, 1543589648.6379175, 1543589651.80526, 1543589654.9121127, 1543589658.4130626, 1543589662.4321175, 1543589665.784907, 1543589668.6791725, 1543589673.088412, 1543589676.1221886, 1543589678.8817883, 1543589682.8418822, 1543589685.580948, 1543589688.723449, 1543589692.525722, 1543589700.7426436, 1543589704.377891, 1543589708.0461392, 1543589711.2978334, 1543589714.7459662, 1543589717.7899814, 1543589721.202051, 1543589723.7853317, 1543589727.2186127, 1543589730.8477952, 1543589733.8066587, 1543589737.0310965, 1543589739.8702638, 1543589743.5133066, 1543589749.0412343, 1543589751.991405, 1543589755.5892274, 1543589759.435803, 1543589762.8632019, 1543589765.842928, 1543589769.3247304, 1543589772.0205941, 1543589774.996162, 1543589786.2488186, 1543589790.1789515, 1543589792.9550843, 1543589796.4852107, 1543589799.4549217, 1543589802.3299594, 1543589805.0738556, 1543589808.6980865, 1543589812.342059, 1543589819.823412, 1543589825.0485947, 1543589828.6654491, 1543589831.5138743, 1543589835.2986631, 1543589845.9496508, 1543589849.3355656, 1543589855.2817307, 1543589860.8650475, 1543589865.5617845, 1543589868.8178358, 1543589872.5472283, 1543589875.1804442, 1543589878.0956426, 1543589882.5592344, 1543589887.3545473, 1543589890.2299366, 1543589893.9324987, 1543589897.6519992, 1543589900.662443, 1543589904.6206112, 1543589907.0894842, 1543589910.3562324, 1543589913.724295, 1543589916.96744, 1543589920.1330974, 1543589925.1127474, 1543589932.585521, 1543589935.2536716, 1543589938.3671885, 1543589941.7917097, 1543589945.212996, 1543589948.956633, 1543589954.5440767, 1543589957.7428071, 1543589962.4341533, 1543589968.4680994, 1543589972.3045561, 1543589976.606475, 1543589981.7922926, 1543589987.0322163, 1543589991.5353463, 1543589996.0094864, 1543589999.6246262, 1543590004.442041, 1543590007.876915, 1543590011.0825496, 1543590015.6115367, 1543590019.0406253, 1543590022.0318685, 1543590024.9155529, 1543590028.5743313, 1543590032.1151288, 1543590036.5541754, 1543590044.519638, 1543590048.243313, 1543590051.6630774, 1543590055.5248659, 1543590062.7371955, 1543590066.2607343, 1543590070.2439983, 1543590074.4368913, 1543590077.7909906, 1543590081.837731, 1543590085.1772368, 1543590090.638952, 1543590103.1190112, 1543590107.7427893, 1543590111.760937, 1543590115.5331202, 1543590122.0500932, 1543590127.7745068, 1543590134.3347356, 1543590139.8151689, 1543590143.7956712, 1543590147.185055, 1543590151.5910172, 1543590155.510205, 1543590159.0430877, 1543590163.3147662, 1543590166.1537604, 1543590170.936021, 1543590177.6652536, 1543590182.1288445, 1543590186.4137635, 1543590191.2056947, 1543590202.0375435, 1543590205.439609, 1543590209.8269935, 1543590215.871613, 1543590219.9642835, 1543590223.664953, 1543590227.3202012, 1543590231.893556, 1543590237.095488, 1543590244.042949, 1543590247.9336796, 1543590251.7431016, 1543590254.8118324, 1543590258.0785532, 1543590261.973075, 1543590265.9282682, 1543590270.228973, 1543590275.2296607, 1543590279.2300816, 1543590282.9493275, 1543590286.0454652, 1543590292.909535, 1543590296.7093058, 1543590300.8248913, 1543590304.681295, 1543590308.1580164, 1543590312.0601208, 1543590323.8890562, 1543590328.1860197, 1543590332.5019572, 1543590338.888925, 1543590342.283373, 1543590348.8740969, 1543590360.0682101, 1543590364.7556076, 1543590370.2536511, 1543590374.744103, 1543590377.9960096, 1543590381.271772, 1543590385.4415703, 1543590390.7067835, 1543590395.0912247, 1543590400.674491, 1543590404.960441, 1543590411.8777523, 1543590415.410343, 1543590419.8029513, 1543590424.2584352, 1543590428.1654282, 1543590432.8331895, 1543590436.1950421, 1543590440.617728, 1543590444.6048248, 1543590450.2587185, 1543590457.2483692], "episode_lengths": [1004, 850, 907, 813, 613, 612, 630, 1823, 749, 1278, 731, 805, 743, 686, 640, 613, 640, 813, 733, 667, 924, 586, 604, 868, 604, 649, 822, 576, 694, 786, 657, 722, 650, 724, 568, 676, 768, 640, 640, 604, 760, 1169, 640, 777, 823, 711, 631, 678, 604, 649, 2330, 867, 640, 685, 648, 649, 612, 750, 797, 1510, 1034, 795, 632, 777, 685, 613, 913, 979, 823, 694, 803, 559, 577, 931, 941, 585, 813, 795, 622, 867, 549, 695, 722, 669, 658, 1051, 1440, 605, 667, 649, 657, 612, 950, 631, 649, 877, 814, 777, 872, 1058, 834, 896, 721, 951, 632, 659, 867, 694, 585, 605, 705, 687, 849, 1457, 723, 613, 759, 924, 632, 723, 705, 513, 622, 658, 1005, 677, 715, 676, 624, 1067, 732, 1006, 888, 650, 568, 685, 650, 632, 750, 531, 896, 1043, 777, 649, 830, 1629, 595, 750, 1121, 740, 676, 677, 822, 904, 1258, 694, 705, 558, 604, 677, 768, 776, 868, 723, 649, 540, 1185, 649, 750, 586, 624, 688, 1870, 721, 740, 1093, 586, 1104, 1737, 730, 876, 703, 576, 548, 695, 850, 749, 869, 714, 1087, 585, 667, 740, 639, 678, 504, 659, 685, 759, 1057], "episode_rewards": [0.0, 0.0, 0.0, 0.0, 0.0, 0.0, 0.0, 0.0, 0.0, 0.0, 0.0, 0.0, 0.0, 0.0, 0.0, 0.0, 0.0, 0.0, 0.0, 0.0, 0.0, 0.0, 0.0, 0.0, 0.0, 0.0, 0.0, 0.0, 0.0, 0.0, 0.0, 0.0, 0.0, 0.0, 0.0, 0.0, 0.0, 0.0, 0.0, 0.0, 0.0, 0.0, 0.0, 0.0, 0.0, 0.0, 0.0, 0.0, 0.0, 0.0, 1.0, 0.0, 0.0, 0.0, 0.0, 0.0, 0.0, 0.0, 0.0, 1.0, 0.0, 0.0, 0.0, 0.0, 0.0, 0.0, 0.0, 0.0, 0.0, 0.0, 0.0, 0.0, 0.0, 0.0, 0.0, 0.0, 0.0, 0.0, 0.0, 0.0, 0.0, 0.0, 0.0, 0.0, 0.0, 0.0, 0.0, 0.0, 0.0, 0.0, 0.0, 0.0, 0.0, 0.0, 0.0, 0.0, 0.0, 0.0, 0.0, 0.0, 0.0, 0.0, 0.0, 0.0, 0.0, 0.0, 0.0, 0.0, 0.0, 0.0, 0.0, 0.0, 0.0, 0.0, 0.0, 0.0, 0.0, 0.0, 0.0, 0.0, 0.0, 0.0, 0.0, 0.0, 0.0, 0.0, 0.0, 0.0, 0.0, 0.0, 0.0, 0.0, 0.0, 0.0, 0.0, 0.0, 0.0, 0.0, 0.0, 0.0, 0.0, 0.0, 0.0, 0.0, 0.0, 0.0, 0.0, 0.0, 0.0, 0.0, 0.0, 0.0, 0.0, 0.0, 0.0, 0.0, 0.0, 0.0, 0.0, 0.0, 0.0, 0.0, 0.0, 0.0, 0.0, 0.0, 0.0, 0.0, 0.0, 0.0, 0.0, 0.0, 0.0, 0.0, 0.0, 0.0, 0.0, 0.0, 0.0, 0.0, 0.0, 0.0, 0.0, 0.0, 0.0, 0.0, 0.0, 0.0, 0.0, 0.0, 0.0, 0.0, 0.0, 0.0, 0.0, 0.0, 0.0, 0.0, 0.0, 0.0], "episode_types": ["t", "t", "t", "t", "t", "t", "t", "t", "t", "t", "t", "t", "t", "t", "t", "t", "t", "t", "t", "t", "t", "t", "t", "t", "t", "t", "t", "t", "t", "t", "t", "t", "t", "t", "t", "t", "t", "t", "t", "t", "t", "t", "t", "t", "t", "t", "t", "t", "t", "t", "t", "t", "t", "t", "t", "t", "t", "t", "t", "t", "t", "t", "t", "t", "t", "t", "t", "t", "t", "t", "t", "t", "t", "t", "t", "t", "t", "t", "t", "t", "t", "t", "t", "t", "t", "t", "t", "t", "t", "t", "t", "t", "t", "t", "t", "t", "t", "t", "t", "t", "t", "t", "t", "t", "t", "t", "t", "t", "t", "t", "t", "t", "t", "t", "t", "t", "t", "t", "t", "t", "t", "t", "t", "t", "t", "t", "t", "t", "t", "t", "t", "t", "t", "t", "t", "t", "t", "t", "t", "t", "t", "t", "t", "t", "t", "t", "t", "t", "t", "t", "t", "t", "t", "t", "t", "t", "t", "t", "t", "t", "t", "t", "t", "t", "t", "t", "t", "t", "t", "t", "t", "t", "t", "t", "t", "t", "t", "t", "t", "t", "t", "t", "t", "t", "t", "t", "t", "t", "t", "t", "t", "t", "t", "t", "t", "t", "t", "t", "t", "t"]}